gene;DE_log2_FC;std.error;t.value;abs_t.value;p.value;adj.p.value;gene_id;is_landmark;is_bing
AATK;-1,74169813446383;0,188055662571941;-9,26160962474367;9,26160962474367;1,63820560232426e-11;1,49271073188054e-09;9625;0;1
ACADL;-2,06848620167194;0,199470856796169;-10,3698667308861;10,3698667308861;6,49175903057934e-13;1,48428501242041e-10;33;0;1
ACAN;3,15081633835611;0,385512837738561;8,17305165980714;8,17305165980714;4,52020519469741e-10;1,90842590000209e-08;176;0;1
ACKR1;1,5745937811615;0,280818452247311;5,60715924669646;5,60715924669646;1,67061597323069e-06;1,54316691960278e-05;2532;0;1
ACKR4;-1,57863404819724;0,186948564330077;-8,44421594706663;8,44421594706663;1,95318829709341e-10;9,84406901735078e-09;51554;0;1
ACTG2;2,40136100584852;0,336816763542772;7,12957686722613;7,12957686722613;1,2203310506789e-08;2,69852168689031e-07;72;0;1
ADAM12;2,66949255703311;0,355861986559673;7,50148275976499;7,50148275976499;3,72905555211483e-09;1,04777365756983e-07;8038;0;1
ADAM23;1,83919818188807;0,212599407649412;8,65100332227172;8,65100332227172;1,03567319907129e-10;6,1635931197866e-09;8745;0;1
ADAMDEC1;2,14744643826001;0,432190703559587;4,9687474084318;4,9687474084318;1,30023207377011e-05;8,70130410197689e-05;27299;0;1
ADAMTS9;1,57582308565122;0,291161037583255;5,4122045268527;5,4122045268527;3,13539942366329e-06;2,61331896149052e-05;56999;0;1
ADGRB2;1,82128341370849;0,214348330038429;8,49683976255827;8,49683976255827;1,66122943336869e-10;8,727136254518e-09;576;0;1
ADIRF;-1,96195170422941;0,141442870573441;-13,87098336081;13,87098336081;6,77375707787592e-17;2,73117885379957e-13;10974;0;1
ADRB1;-1,9648631326445;0,262152958312616;-7,49510188743097;7,49510188743097;3,805332892362e-09;1,06295338626926e-07;153;0;1
AGER;-3,48833519309962;0,362235019947216;-9,63003299241452;9,63003299241452;5,50495627199458e-12;6,82953344267144e-10;177;0;1
AGT;1,58959769447002;0,297995363513549;5,33430344595863;5,33430344595863;4,02988088696288e-06;3,21752073984839e-05;183;0;1
AK4;1,59165198808134;0,254053655670766;6,26502296878578;6,26502296878578;1,98239147250758e-07;2,60894284673285e-06;205;0;1
ALDH1A3;1,94962425621615;0,203423137094602;9,58408312870266;9,58408312870266;6,30113315825932e-12;7,52775374640047e-10;220;0;1
ALDH1L1;1,54376001688474;0,376052058835977;4,10517634623052;4,10517634623052;0,000192791845400758;0,000847047516303581;10840;0;1
ALDH3A1;2,10711535068067;0,383099097232143;5,500183544948;5,500183544948;2,36051317152251e-06;2,07129251525109e-05;218;0;1
ANKRD1;-2,36976415772064;0,571427916561703;-4,14709202864917;4,14709202864917;0,000169691216883726;0,000759583665251384;27063;0;1
ANOS1;-1,55194453618739;0,21410721950667;-7,24844561413328;7,24844561413328;8,34482557690687e-09;1,99090749858512e-07;3730;0;1
ANXA3;-1,916323529173;0,205390984163276;-9,33012486881904;9,33012486881904;1,33577429824238e-11;1,26725693423842e-09;306;0;1
AQP5;1,71238113297032;0,327071977821053;5,23548713765749;5,23548713765749;5,53729190980275e-06;4,20063235753992e-05;362;0;1
ARC;-2,32796404168078;0,358243260794351;-6,49827727817926;6,49827727817926;9,31601048127982e-08;1,41610383640039e-06;23237;0;1
ARHGEF26;-1,6913007352103;0,17867560651598;-9,46576182495865;9,46576182495865;8,93334281874174e-12;9,6695941597763e-10;26084;0;1
ASIC1;1,76518950657772;0,254212117730994;6,94376618366256;6,94376618366256;2,21473097023894e-08;4,42069072871455e-07;41;0;1
ASPN;1,97975095961056;0,253666028022498;7,80455694065179;7,80455694065179;1,43121725907146e-09;4,82901086910137e-08;54829;0;1
B3GNT3;3,4956870317175;0,479913249834087;7,28399774943912;7,28399774943912;7,44965820436671e-09;1,84559274224311e-07;10331;0;1
BCAS1;1,70211400745394;0,382408638036841;4,45103441227696;4,45103441227696;6,65009462723322e-05;0,000345864966617276;8537;0;1
BDNF;-1,80533252849259;0,251119219334908;-7,18914519276555;7,18914519276555;1,00857187589932e-08;2,29749254442149e-07;627;0;1
BLK;1,98701308420565;0,369084098409369;5,38363232869967;5,38363232869967;3,43787735470202e-06;2,81881474207596e-05;640;0;1
BMP2;-1,53018165451155;0,234001906254142;-6,53918456907642;6,53918456907642;8,16176135105922e-08;1,27923116685989e-06;650;0;1
C11orf21;-1,70456791915325;0,257673548349168;-6,61522275015757;6,61522275015757;6,38372426866894e-08;1,06250469561499e-06;29125;0;1
C1S;1,52032298315488;0,143593097020525;10,58771636451;10,58771636451;3,50629292415103e-13;9,27040857060785e-11;716;0;1
CA2;-1,93782846498236;0,187295801440948;-10,3463529351635;10,3463529351635;6,94059733838706e-13;1,5546938037987e-10;760;0;1
CA4;-2,33549968366549;0,175573803579296;-13,3020965317909;13,3020965317909;2,7107608555777e-16;6,24559301125102e-13;762;0;1
CAPN5;1,50863238186791;0,152785712798816;9,87417183342553;9,87417183342553;2,69783288045595e-12;3,91987826090032e-10;726;0;1
CAV1;-1,67409041712168;0,153787856117214;-10,8857126914216;10,8857126914216;1,52494860377366e-13;4,91887421633232e-11;857;0;1
CBLC;1,51125362653298;0,203059241350747;7,44242722705028;7,44242722705028;4,49823961372164e-09;1,21317071053683e-07;23624;0;1
CCDC68;-1,65998755724128;0,207108258370953;-8,01507178080784;8,01507178080784;7,39649152804166e-10;2,83350630318898e-08;80323;0;1
CCL13;2,28820193054168;0,301638770140815;7,58590127347844;7,58590127347844;2,85364045734441e-09;8,44000764755633e-08;6357;0;1
CCL19;1,66879937835594;0,36642412274242;4,55428361502562;4,55428361502562;4,81813425793126e-05;0,000263681266752343;6363;0;1
CD180;1,8020539971872;0,262625706246217;6,86168167977333;6,86168167977333;2,88376514595569e-08;5,45884557206261e-07;4064;0;1
CD209;1,77858928109139;0,240869588626505;7,38403420387491;7,38403420387491;5,41619975655387e-09;1,4226786591808e-07;30835;0;1
CD248;1,7465605760889;0,265069452988183;6,58906771942055;6,58906771942055;6,94653821881539e-08;1,12258284962981e-06;57124;0;1
CD79A;2,70174395357528;0,481650522705258;5,60934500475688;5,60934500475688;1,65884927814975e-06;1,53493523568555e-05;973;0;1
CDH2;2,69142162474061;0,409691035560193;6,56939349688352;6,56939349688352;7,4024949310441e-08;1,17855319099585e-06;1000;0;1
CDH3;3,19420623368313;0,205154709684471;15,5697436271185;15,5697436271185;1,33831529911522e-18;2,15843491441303e-14;1001;1;1
CFB;1,53426233769059;0,230348970333338;6,660599938738;6,660599938738;5,51367160108191e-08;9,4199677523569e-07;629;0;1
CFH;1,8300488740723;0,182959942261302;10,0024565566305;10,0024565566305;1,86032276037787e-12;3,11484672561334e-10;3075;0;1
CHI3L1;2,31487270045627;0,310901957266618;7,44566782662973;7,44566782662973;4,45215434092168e-09;1,20275285109522e-07;1116;0;1
CILP;2,77284602114964;0,304127277930776;9,11738677311539;9,11738677311539;2,52211840341546e-11;2,00616017692197e-09;8483;0;1
CLCA2;4,33781003017321;0,699824823439654;6,19842264075855;6,19842264075855;2,45992281686887e-07;3,12157436923903e-06;9635;0;1
CLDN10;2,59901905150201;0,275551978873146;9,43204640420493;9,43204640420493;9,87076448844169e-12;1,04049470372279e-09;9071;0;1
CLDN18;-2,55899277131061;0,36231951373421;-7,06280692678295;7,06280692678295;1,51140319458217e-08;3,22859744665182e-07;51208;0;1
CLEC3B;-1,66593587772555;0,189668583261654;-8,78340444725809;8,78340444725809;6,9172253010674e-11;4,35785193967246e-09;7123;0;1
CLIC3;-2,04822802199976;0,20604678377489;-9,94059690947414;9,94059690947414;2,22492073560439e-12;3,45033861767573e-10;9022;0;1
CLIC5;-1,90421273392934;0,222682413318708;-8,55124886402228;8,55124886402228;1,40563239969754e-10;7,67430286599276e-09;53405;0;1
CNN1;1,78353646532181;0,280237824952444;6,36436735699215;6,36436735699215;1,43693682342595e-07;1,99439906094782e-06;1264;0;1
COL14A1;2,64761147683222;0,263247666852233;10,0574926588747;10,0574926588747;1,58714172452456e-12;2,87611480147552e-10;7373;0;1
COL15A1;2,48888728560024;0,240064636766938;10,3675714970736;10,3675714970736;6,53424081608686e-13;1,48428501242041e-10;1306;0;1
COL17A1;4,80696594606404;0,368038263000147;13,0610494324122;13,0610494324122;4,93510551571356e-16;8,8437090841587e-13;1308;0;1
COL1A1;3,49073422870396;0,331810411372899;10,5202673245264;10,5202673245264;4,24021380788633e-13;1,05209489682447e-10;1277;1;1
COL1A2;2,16771916019551;0,231226530063008;9,37487216369513;9,37487216369513;1,16945121498867e-11;1,18622070410927e-09;1278;0;1
COL3A1;3,43251230495341;0,308500595156144;11,1264365736996;11,1264365736996;7,84902758008946e-14;2,91605124470387e-11;1281;0;1
COL4A3;-2,34061537011144;0,252171043106942;-9,28185624040433;9,28185624040433;1,54223266973503e-11;1,4213216284278e-09;1285;0;1
COL5A1;2,05151358629495;0,223740796328525;9,16915296610751;9,16915296610751;2,15960862741733e-11;1,81407124703056e-09;1289;0;1
COL5A2;2,24979988719959;0,209648316304498;10,7313043427066;10,7313043427066;2,34417775661173e-13;7,13337714313849e-11;1290;0;1
COL6A3;2,26066538197662;0,222510232501687;10,1598266136344;10,1598266136344;1,18255023671877e-12;2,27049645450003e-10;1293;0;1
COL7A1;1,88824341636088;0,251816468394316;7,49849058086269;7,49849058086269;3,7646303625117e-09;1,05592971281024e-07;1294;0;1
COMP;5,42803269058437;0,465669701981255;11,6564008083199;11,6564008083199;1,86754612119581e-14;1,07570656580879e-11;1311;0;1
CP;2,04383620144715;0,31788216851941;6,42954026319458;6,42954026319458;1,16361839594943e-07;1,68463532225067e-06;1356;0;1
CRABP2;2,52657332043026;0,291765296642594;8,65960876603244;8,65960876603244;1,00879477789603e-10;6,04826846762346e-09;1382;0;1
CRISPLD2;1,74136866404817;0,289937145874633;6,00602126642;6,00602126642;4,58985446543002e-07;5,23516073680731e-06;83716;0;1
CRLF1;3,82532338993616;0,305180213216451;12,5346376477659;12,5346376477659;1,87145635765417e-15;2,15579633145343e-12;9244;0;1
CTSE;2,09318300704157;0,274845865499676;7,61584316808302;7,61584316808302;2,59567057028147e-09;7,79571228258838e-08;1510;0;1
CTSK;1,70184869138788;0,198969432075845;8,5533173293632;8,5533173293632;1,39674203228928e-10;7,6718353328012e-09;1513;0;1
CX3CR1;-2,07612761844599;0,318056336716387;-6,52754678583022;6,52754678583022;8,47469849083514e-08;1,31549506506438e-06;1524;0;1
CXCL14;3,57017297260967;0,291362393632851;12,2533760383246;12,2533760383246;3,86864605220864e-15;3,67020726647182e-12;9547;0;1
CXCL2;-2,0320213225047;0,389434314355042;-5,21787949238631;5,21787949238631;5,85941672039593e-06;4,40562577466413e-05;2920;1;1
CXCL3;-1,64596336808838;0,369431460987316;-4,45539576864812;4,45539576864812;6,560436251131e-05;0,00034214776816086;2921;0;1
CXCL6;4,37684146878106;0,686472597577601;6,37584294584503;6,37584294584503;1,38452432605896e-07;1,93913957210647e-06;6372;0;1
CYP1B1;2,45143752110887;0,356521475677082;6,87598837195787;6,87598837195787;2,75402131099033e-08;5,26890340494093e-07;1545;0;1
CYP3A5;-2,09807968838142;0,279912399679677;-7,49548676936925;7,49548676936925;3,80068772054891e-09;1,06295338626926e-07;1577;0;1
DAPK2;-2,11695303970902;0,166446291513409;-12,7185353332939;12,7185353332939;1,17024664381571e-15;1,71579435195088e-12;23604;0;1
DCLK1;1,72019641946237;0,204875762263648;8,39629051507179;8,39629051507179;2,26410855108825e-10;1,10318860156952e-08;9201;0;1
DES;2,0600109790551;0,320438114721798;6,4287326769588;6,4287326769588;1,1666636439458e-07;1,68752926005004e-06;1674;0;1
DIO2;3,71011564775089;0,378660092965515;9,79801071376374;9,79801071376374;3,36733252801532e-12;4,76388938700273e-10;1734;0;1
DNAJC12;1,7189292374021;0,26003681672041;6,61033025662009;6,61033025662009;6,4854058935623e-08;1,07499102005522e-06;56521;0;1
DPEP1;3,05841473684572;0,393979993380076;7,76286813603563;7,76286813603563;1,63191597799511e-09;5,37133487614391e-08;1800;0;1
DSC3;4,31471531750444;0,733381674904166;5,88331487566588;5,88331487566588;6,83193005566503e-07;7,35059159024453e-06;1825;0;1
EFCC1;-2,05632010126881;0,15273638263723;-13,4631976072973;13,4631976072973;1,82332244127743e-16;4,90109072215373e-13;79825;0;1
EFR3B;-1,75674794748784;0,185418196025791;-9,4745175238545;9,4745175238545;8,70502093943332e-12;9,543446644911e-10;22979;0;1
EGR2;-1,58649828568276;0,290435389977006;-5,46248267405827;5,46248267405827;2,66599656596723e-06;2,29808619005449e-05;1959;0;1
EMILIN1;1,72406493035258;0,209867289638409;8,21502452012918;8,21502452012918;3,96758807488206e-10;1,72943947220805e-08;11117;0;1
EMP2;-2,06776904529384;0,167337188291742;-12,3569008563047;12,3569008563047;2,95786549186889e-15;2,98152841580384e-12;2013;0;1
EPB41L5;-1,78101461899412;0,12132848025158;-14,679279055512;14,679279055512;1,00653070194021e-17;8,11666358044582e-14;57669;0;1
EPHA3;1,51985159570003;0,25346887764323;5,99620596355541;5,99620596355541;4,73825487672606e-07;5,38158976421393e-06;2042;1;1
EPHB2;2,01047517313584;0,182448178723181;11,0194313103351;11,0194313103351;1,05348455685925e-13;3,69360846370129e-11;2048;1;1
EYA2;2,08251311423551;0,288581256939349;7,21638382312956;7,21638382312956;9,24474198714056e-09;2,15461269896825e-07;2139;0;1
F13A1;1,57943902669549;0,305870304521353;5,16375405964009;5,16375405964009;6,97064242234883e-06;5,098527028918e-05;2162;0;1
FABP4;-1,69643495027832;0,328998944062784;-5,15635378438959;5,15635378438959;7,13799033856681e-06;5,20205640218732e-05;2167;0;1
FAIM2;1,78841071746278;0,274170767317656;6,52298104192384;6,52298104192384;8,60073339804485e-08;1,33249402731669e-06;23017;0;1
FAM107A;-1,50896866976471;0,318210239155716;-4,74204938775179;4,74204938775179;2,66960286522984e-05;0,000160534507868855;11170;0;1
FAP;1,69529469677906;0,260254237037233;6,513994608036;6,513994608036;8,85431926171712e-08;1,3639203538966e-06;2191;0;1
FAT2;3,36080010363129;0,48914178078402;6,87080972360293;6,87080972360293;2,80029331880645e-08;5,32584087803189e-07;2196;0;1
FBLN2;2,2543462055123;0,267841010936013;8,41673273870246;8,41673273870246;2,12578680795443e-10;1,06144549964982e-08;2199;0;1
FBN1;1,84689991278435;0,203775376629601;9,06341062071218;9,06341062071218;2,96608855665566e-11;2,28266101126532e-09;2200;0;1
FBN2;1,70830641400634;0,304698839538923;5,6065405978946;5,6065405978946;1,67396144723529e-06;1,54448799891366e-05;2201;0;1
FCGBP;1,72153463505479;0,306988188284306;5,6078204333401;5,6078204333401;1,66704783038653e-06;1,54163689268773e-05;8857;0;1
FERMT1;1,83179403771538;0,215509657248069;8,49982344692258;8,49982344692258;1,646064831148e-10;8,72207342329545e-09;55612;0;1
FGF12;-1,52161556559278;0,235273645810372;-6,46742885439532;6,46742885439532;1,029357972423e-07;1,53094980775836e-06;2257;0;1
FHL2;2,15321555542336;0,187789388688066;11,466119414234;11,466119414234;3,11418635147585e-14;1,47722345519419e-11;2274;1;1
FJX1;1,52908054604431;0,226831052049056;6,74105477284308;6,74105477284308;4,25318749773157e-08;7,56288952187593e-07;24147;0;1
FKBP11;1,52413687387767;0,210947364456214;7,22519988721656;7,22519988721656;8,98796787616856e-09;2,10828663560072e-07;51303;0;1
FLNC;2,29496054930009;0,321106938168819;7,14702884461977;7,14702884461977;1,15402931975463e-08;2,57786494030508e-07;2318;0;1
FMO1;1,73997799486716;0,356719288060604;4,8777233334564;4,8777233334564;1,73699657785157e-05;0,000111079622551904;2326;0;1
FNDC4;1,82735090253676;0,249999742732256;7,30941113204988;7,30941113204988;6,86965099336503e-09;1,72845134510127e-07;64838;0;1
FOS;-1,98402733815318;0,34289684040703;-5,78607646485769;5,78607646485769;9,3621315307424e-07;9,50834114154996e-06;2353;1;1
FOSB;-3,42586664858517;0,64389210133866;-5,32056013959908;5,32056013959908;4,21215223739593e-06;3,32518802176806e-05;2354;0;1
FUT1;-1,56649420565121;0,202488139863752;-7,73622695484907;7,73622695484907;1,77482527786777e-09;5,74786788784164e-08;2523;1;1
FUT2;2,52734300200092;0,34854339593909;7,25115733491788;7,25115733491788;8,27288425330146e-09;1,98624108980288e-07;2524;0;1
FUT3;1,62840083336058;0,148180568302183;10,9893007701239;10,9893007701239;1,14481138743636e-13;3,92840809714332e-11;2525;0;1
GDF15;1,97805710678785;0,276388750987731;7,15679310289894;7,15679310289894;1,11852855430163e-08;2,50898866811915e-07;9518;0;1
GGT5;1,73636940556699;0,185458404335559;9,36258139278117;9,36258139278117;1,21292464076463e-11;1,21296622791888e-09;2687;0;1
GNLY;-2,34767929832758;0,34115175196733;-6,88162755955126;6,88162755955126;2,70450809501422e-08;5,18648116009386e-07;10578;0;1
GPD1;-1,87348495199742;0,325813783381799;-5,75017094903567;5,75017094903567;1,05166854450159e-06;1,04313101388202e-05;2819;0;1
GPM6A;-2,90691825412677;0,256742535063547;-11,3223087612159;11,3223087612159;4,59753048621322e-14;2,05969365782352e-11;2823;0;1
GPRIN2;-1,56634582754728;0,203397594461294;-7,7009063538623;7,7009063538623;1,98396922039619e-09;6,31113522417156e-08;9721;0;1
GPX2;2,07911233000668;0,320523894836652;6,48660634510964;6,48660634510964;9,67439810486723e-08;1,45821208070373e-06;2877;0;1
GREB1;1,59514317515577;0,249916895126207;6,38269443268424;6,38269443268424;1,35414958312593e-07;1,90407362481735e-06;9687;0;1
GREM1;5,77415358245042;0,717396820716964;8,04875825443407;8,04875825443407;6,65777032675798e-10;2,61256739245627e-08;26585;0;1
GRIA1;-2,84390096256047;0,286640644255717;-9,92148538440827;9,92148538440827;2,35164229864639e-12;3,5519493824969e-10;2890;0;1
GZMH;-1,73599022990476;0,332258683595603;-5,22481522865978;5,22481522865978;5,73036858220824e-06;4,32472552615136e-05;2999;0;1
HBEGF;-1,73662724583555;0,318623632908348;-5,45040312918374;5,45040312918374;2,77196086806462e-06;2,37168089549847e-05;1839;0;1
HES2;1,60375621013256;0,240352960092368;6,67250450968538;6,67250450968538;5,30582875058364e-08;9,13259403302166e-07;54626;0;1
HEY1;-1,55701834813996;0,248748935585866;-6,25939702806283;6,25939702806283;2,01885965799662e-07;2,64501775500971e-06;23462;0;1
HIF1A;1,59016999820154;0,203080175715105;7,8302571514038;7,8302571514038;1,32009963287714e-09;4,55900789701124e-08;3091;1;1
HIF3A;-2,33663806877862;0,252172394329734;-9,26603435316274;9,26603435316274;1,61672699649928e-11;1,48150982951934e-09;64344;0;1
HIGD1B;-1,63509875588253;0,189382406674161;-8,63384716984708;8,63384716984708;1,09144279960914e-10;6,35479764335601e-09;51751;0;1
HMGB3;1,63646542571925;0,18138110685986;9,02224853542015;9,02224853542015;3,35728702957144e-11;2,46119660058764e-09;3149;0;1
HPGD;-2,02889704744422;0,304895940291762;-6,65439180824357;6,65439180824357;5,62528370856053e-08;9,58020862213984e-07;3248;0;1
HPSE2;1,85421293415862;0,248786364059537;7,45303281057192;7,45303281057192;4,34917755149794e-09;1,18086760186126e-07;60495;0;1
HR;1,81134976907413;0,211522040480348;8,56340911311515;8,56340911311515;1,35417630928401e-10;7,58338733199044e-09;55806;0;1
HSD17B6;-2,17528191303423;0,231977034699158;-9,37714337048608;9,37714337048608;1,16159243208647e-11;1,18570650282852e-09;8630;0;1
IGF1;2,67744807525105;0,269837719310126;9,9224381309488;9,9224381309488;2,34515475321925e-12;3,5519493824969e-10;3479;0;1
IGFBP5;2,02789116555934;0,234997420838589;8,62941881797169;8,62941881797169;1,10632542866736e-10;6,3952747360384e-09;3488;0;1
IL13RA2;4,37241308298664;0,345558211370194;12,6531882013433;12,6531882013433;1,3820565482759e-15;1,85748400088281e-12;3598;0;1
IL1A;-2,32694389937182;0,380504721616487;-6,11541399404016;6,11541399404016;3,2194202483654e-07;3,92462658848354e-06;3552;0;1
IL1R2;1,90503654212005;0,435587066713584;4,37349197829303;4,37349197829303;8,4602727196415e-05;0,000423134171165616;7850;0;1
IL2RA;1,989836421349;0,2790182254377;7,131564320673;7,131564320673;1,21259102640734e-08;2,68635550465626e-07;3559;0;1
INHBB;1,71358347577962;0,258402416107165;6,63145299333794;6,63145299333794;6,05772936579057e-08;1,01771108483885e-06;3625;0;1
ITGA7;1,64872405411183;0,190986995001143;8,63265089909377;8,63265089909377;1,09544308557381e-10;6,35514607342963e-09;3679;0;1
JCHAIN;1,51966700794652;0,370249935083365;4,1044355824245;4,1044355824245;0,000193226482571689;0,000848681021491341;3512;0;1
KCND3;1,6654983032547;0,198266378144682;8,40030628914464;8,40030628914464;2,23623520572742e-10;1,09623104553106e-08;3752;0;1
KHDRBS2;-2,41555343015549;0,214770730901955;-11,2471258071856;11,2471258071856;5,64198259120379e-14;2,3934237672492e-11;202559;0;1
KLF2;-1,7028399227765;0,191278427276909;-8,90241490908611;8,90241490908611;4,82094272003255e-11;3,26860792570589e-09;10365;0;1
KLF4;-1,79567419857835;0,216798135765376;-8,28270128909997;8,28270128909997;3,21651517582488e-10;1,46542250722327e-08;9314;0;1
KLRD1;-1,74308506270722;0,262391890751243;-6,64305995782364;6,64305995782364;5,83489512542763e-08;9,87462629411299e-07;3824;0;1
KLRF1;-2,20709741334839;0,311087194374011;-7,09478709912713;7,09478709912713;1,36416677153157e-08;2,96513230340446e-07;51348;0;1
KRT17;3,78408092971097;0,428678609017805;8,827314566456;8,827314566456;6,05332915888735e-11;3,93661664010222e-09;3872;0;1
KRT5;4,72823156023475;0,979188869202229;4,82872274077928;4,82872274077928;2,0292213556263e-05;0,000126280576787789;3852;0;1
LAMP5;1,7638703989303;0,214244603839706;8,23297468089324;8,23297468089324;3,75259941676838e-10;1,64461748352284e-08;24141;0;1
LCN2;3,30121876500951;0,458218453883665;7,2044648944838;7,2044648944838;9,6036768260712e-09;2,20953066834346e-07;3934;0;1
LIFR;-1,78326859927505;0,194250300704487;-9,18026171803946;9,18026171803946;2,08896904178555e-11;1,78258691565701e-09;3977;0;1
LINC00472;-1,59279118666029;0,195964959787245;-8,12793873144232;8,12793873144232;5,20135039743456e-10;2,13998416351593e-08;79940;0;1
LIPG;1,89110181584702;0,442198283194581;4,27659239693357;4,27659239693357;0,000114111579517107;0,0005422485428556;9388;0;1
LRRC15;2,00215004299586;0,412069746053343;4,8587649595044;4,8587649595044;1,84476909233463e-05;0,00011658478025538;131578;0;1
LRRC36;-2,48395870720968;0,288243956818078;-8,61755692861727;8,61755692861727;1,14721059428744e-10;6,58441724721274e-09;55282;0;1
LRRN3;-1,943243097598;0,231310518180221;-8,4010148474267;8,4010148474267;2,23135327563074e-10;1,09623104553106e-08;54674;0;1
LTBP1;1,67281009861285;0,179127911028393;9,33863454896036;9,33863454896036;1,3023932337507e-11;1,2494018985215e-09;4052;0;1
LTF;2,64559249997672;0,543952045507481;4,86365024605893;4,86365024605893;1,81638199070389e-05;0,000115061306936655;4057;0;1
MAP1A;1,99308436364317;0,284085919459344;7,015780181701;7,015780181701;1,7574736029813e-08;3,68589522352177e-07;4130;0;1
MAP1B;1,76100609825615;0,231758985576355;7,59843720353175;7,59843720353175;2,742626941605e-09;8,16108622033311e-08;4131;0;1
MEOX1;2,08614449256944;0,443617900559744;4,70257059045003;4,70257059045003;3,02380784584253e-05;0,000178506489523237;4222;0;1
MFAP2;1,62593440231419;0,246583279398425;6,59385505084076;6,59385505084076;6,83992190163147e-08;1,11028026029284e-06;4237;0;1
MFAP3L;-1,50048608508549;0,146929629291667;-10,2122770765786;10,2122770765786;1,0175285953869e-12;2,05599843990378e-10;9848;0;1
MGAT3;-1,50092679665558;0,168436764292267;-8,91092157322145;8,91092157322145;4,69842325792286e-11;3,23829787622991e-09;4248;0;1
MME;-2,19127956287203;0,219138569843582;-9,99951566917743;9,99951566917743;1,87619797440861e-12;3,11484672561334e-10;4311;0;1
MMP1;7,60633210643198;0,879590987249684;8,64757849579103;8,64757849579103;1,04657102824652e-10;6,18633885923939e-09;4312;1;1
MMP16;2,18891329527608;0,344630483318175;6,35147905141982;6,35147905141982;1,49817648441436e-07;2,05930954080662e-06;4325;0;1
MMP2;1,97168931414401;0,21866429182126;9,01696979292669;9,01696979292669;3,41110382654323e-11;2,48933405042938e-09;4313;1;1
MMP9;2,3987836848564;0,365470171093929;6,56355531745951;6,56355531745951;7,54348999806731e-08;1,19604575834614e-06;4318;0;1
MMRN1;1,53967614945861;0,309819937166748;4,96958382839625;4,96958382839625;1,2967707173733e-05;8,68895643115768e-05;22915;0;1
MOXD1;1,75795902912039;0,202992683312393;8,66020883331544;8,66020883331544;1,00694706505427e-10;6,04826846762346e-09;26002;0;1
MS4A1;2,16911560909597;0,464003084198515;4,6747870498377;4,6747870498377;3,30045674381285e-05;0,000191405128961574;931;0;1
MUC5B;4,14655052344153;0,624731245462568;6,63733493971687;6,63733493971687;5,94375803365908e-08;1,00377936719218e-06;727897;0;1
MXRA5;1,76107018206616;0,242024949152027;7,27639934740759;7,27639934740759;7,63247679638507e-09;1,87361622179754e-07;25878;0;1
MYH11;1,65790283232813;0,278287643163086;5,9575150857724;5,9575150857724;5,3714494141675e-07;6,01248394186649e-06;4629;0;1
MYRF;-2,96676816771711;0,237193955453636;-12,5077730671641;12,5077730671641;2,00501890946189e-15;2,15579633145343e-12;745;0;1
MZB1;2,6790679282631;0,446619110657661;5,99855193011801;5,99855193011801;4,7023550473576e-07;5,34457943648932e-06;51237;0;1
NCS1;1,90952497438004;0,195431694869593;9,77080496412938;9,77080496412938;3,64546865216475e-12;4,98255240865364e-10;23413;0;1
NDRG4;-1,82383623277002;0,257665846455802;-7,07830027866293;7,07830027866293;1,43817468216052e-08;3,10091995640173e-07;65009;0;1
NGFR;2,85413407243682;0,261546674055397;10,9125229091321;10,9125229091321;1,41569305287455e-13;4,65965256260423e-11;4804;0;1
NKG7;-1,73719968204974;0,258184630976185;-6,72851701312145;6,72851701312145;4,42866462364947e-08;7,82316572291552e-07;4818;0;1
NOTCH4;-1,50903262498641;0,156976505953896;-9,61311131125329;9,61311131125329;5,78554789871599e-12;7,04896464472357e-10;4855;0;1
NPAS2;1,70221397652243;0,170281252156008;9,9964849622018;9,9964849622018;1,89270200341088e-12;3,11484672561334e-10;4862;0;1
NXF3;-2,51837990311513;0,319521726060558;-7,88171725962017;7,88171725962017;1,12307850766942e-09;3,99845699154359e-08;56000;0;1
OASL;-1,69038022388879;0,26155980978057;-6,46269098187102;6,46269098187102;1,04525787621937e-07;1,54944108710166e-06;8638;0;1
OLFML2A;-1,52417530330558;0,199844728922421;-7,62679762195408;7,62679762195408;2,50728239883968e-09;7,57255627874275e-08;169611;0;1
OLR1;-1,56422344284376;0,313670725143341;-4,98683274356873;4,98683274356873;1,22738760586091e-05;8,29296493813353e-05;4973;0;1
OSR2;1,6614938632667;0,240042565982474;6,92166348275086;6,92166348275086;2,37778727269055e-08;4,69387431260137e-07;116039;0;1
P3H2;-1,60086484518574;0,16765071655285;-9,54881003852484;9,54881003852484;6,99086573890831e-12;8,05347733122238e-10;55214;0;1
PAPPA;2,84214065860236;0,441945421622351;6,43097658568125;6,43097658568125;1,15822198831804e-07;1,68135051553496e-06;5069;0;1
PCDH12;-1,63633366237749;0,19718518868297;-8,2984613261615;8,2984613261615;3,06331787722726e-10;1,40355655465685e-08;51294;0;1
PCDH7;1,74889438588128;0,20238825658162;8,64128391350601;8,64128391350601;1,06690414236008e-10;6,23443116231282e-09;5099;0;1
PCSK1N;1,83831539704007;0,262188832366613;7,01141761243896;7,01141761243896;1,78225149419444e-08;3,72816499330324e-07;27344;0;1
PCSK2;1,79285638830831;0,380691005773547;4,70947923937763;4,70947923937763;2,95864299852694e-05;0,000175368385154031;5126;0;1
PDLIM4;2,33360166126094;0,255405322525586;9,13685603019165;9,13685603019165;2,37904821223934e-11;1,94767967345158e-09;8572;0;1
PER3;-1,5246948297818;0,250524375384505;-6,08601389562071;6,08601389562071;3,54136748523913e-07;4,22449517765804e-06;8863;0;1
PGF;1,54354787102812;0,248286393202642;6,21680411527157;6,21680411527157;2,31765616187543e-07;2,98079414503405e-06;5228;0;1
PHLDA2;1,80200282130584;0,295899330693426;6,08991854453653;6,08991854453653;3,49682119643909e-07;4,18887563677184e-06;7262;0;1
PIM2;1,66058915089331;0,267027480848756;6,21879495554192;6,21879495554192;2,30275086369154e-07;2,96398770388006e-06;11040;0;1
PKP1;1,80387190154463;0,345979795046054;5,2138070701629;5,2138070701629;5,93652859274689e-06;4,44701965368424e-05;5317;0;1
PLA2G2A;4,14333294925527;0,506106987991715;8,18667405817975;8,18667405817975;4,33280728653286e-10;1,85849776375537e-08;5320;0;1
PLA2G7;2,02313111083078;0,24457004665921;8,27219497426789;8,27219497426789;3,32292535249891e-10;1,50098969181127e-08;7941;0;1
PLLP;-1,81718062465004;0,179584536694734;-10,118803423142;10,118803423142;1,33039128305981e-12;2,4949477457196e-10;51090;0;1
PLPP2;1,8348407301621;0,379628638646146;4,83325161322291;4,83325161322291;2,00029221602162e-05;0,000124847959984507;8612;0;1
POSTN;2,8899745224751;0,373871262186898;7,72986537015622;7,72986537015622;1,81077925183604e-09;5,84084955472234e-08;10631;0;1
POU2AF1;2,83087126128805;0,426585320184726;6,63611973347367;6,63611973347367;5,96712664358212e-08;1,00561983811591e-06;5450;0;1
PROM1;2,84513135485772;0,609146066256908;4,67068821824711;4,67068821824711;3,34332664723104e-05;0,000193473886496384;8842;0;1
PRX;-2,31960650031612;0,267342225315403;-8,67654369817381;8,67654369817381;9,5794384281323e-11;5,83008237618558e-09;57716;0;1
PSAT1;2,7216543106067;0,257498687817846;10,5695851643795;10,5695851643795;3,68986676390243e-13;9,59841470455136e-11;29968;0;1
PTGES;1,70937715576874;0,208881113777162;8,18349311174362;8,18349311174362;4,37585124413518e-10;1,86916797454306e-08;9536;0;1
PTPRZ1;2,58286657830963;0,361308679180024;7,14864249641428;7,14864249641428;1,14808512527896e-08;2,56814381421623e-07;5803;0;1
PYCR1;2,03372288325317;0,190394033519249;10,6816523903705;10,6816523903705;2,69354155480157e-13;7,96082441304881e-11;5831;1;1
RAMP1;1,54638171248693;0,213269322987847;7,25083988087233;7,25083988087233;8,28127384616733e-09;1,98624108980288e-07;10267;0;1
RAMP2;-1,6218910809068;0,179369009186246;-9,04220349025132;9,04220349025132;3,16150259467066e-11;2,36058860402076e-09;10266;0;1
RARRES1;2,00211545005832;0,201940436488524;9,91438606785468;9,91438606785468;2,40056102859723e-12;3,5519493824969e-10;5918;0;1
RGS16;-1,6057537378726;0,255957591670991;-6,27351479356254;6,27351479356254;1,92859192113533e-07;2,55372171626196e-06;6004;0;1
RGS9;-1,57581978153922;0,285492004351086;-5,51966344949313;5,51966344949313;2,216589039626e-06;1,96316024333268e-05;8787;0;1
ROR2;1,98510543505906;0,215060240250784;9,23046227765864;9,23046227765864;1,7978185869375e-11;1,610845453896e-09;4920;0;1
RXRG;-1,97547454786033;0,232450933263728;-8,49845823427627;8,49845823427627;1,65298607550019e-10;8,72207342329545e-09;6258;0;1
S100A2;3,88005308052622;0,590119917399677;6,57502478076559;6,57502478076559;7,26900281064552e-08;1,16535265735677e-06;6273;0;1
S100A3;-2,38175308148912;0,284396780347555;-8,3747540270267;8,3747540270267;2,41970232314283e-10;1,15117873355893e-08;6274;0;1
S100P;1,5461978104437;0,350012543387275;4,417549712591;4,417549712591;7,37968330738641e-05;0,000377480280309318;6286;0;1
SCAMP5;1,70254334436738;0,246515547302537;6,90643394705622;6,90643394705622;2,49711364231405e-08;4,870725624104e-07;192683;0;1
SCEL;-1,75723741868325;0,281427428046354;-6,2440161958692;6,2440161958692;2,12202683165526e-07;2,76893598227638e-06;8796;0;1
SCG2;2,01464704815928;0,290631752112783;6,93195782468214;6,93195782468214;2,30039338086367e-08;4,56905719785336e-07;7857;0;1
SCN1A;-1,57478574158699;0,272623068623071;-5,77642145083579;5,77642145083579;9,65954413362729e-07;9,74290980532464e-06;6323;0;1
SDS;2,25850552252799;0,347774983088662;6,49415752240065;6,49415752240065;9,44097193226473e-08;1,42970887627761e-06;10993;0;1
SEMA6A;-1,76241916806076;0,182311860564834;-9,6670571108236;9,6670571108236;4,93820678360274e-12;6,23636944680212e-10;57556;0;1
SEMA6B;1,76056885940256;0,288890619501164;6,09424031296891;6,09424031296891;3,44816944663533e-07;4,15015498771154e-06;10501;0;1
SEMA6D;-1,7177167400771;0,249349930632239;-6,88877969896263;6,88877969896263;2,64299600931666e-08;5,092740697522e-07;80031;0;1
SERPINB3;6,00371465244029;1,08587030440502;5,52894266293605;5,52894266293605;2,15113648667349e-06;1,91359786304854e-05;6317;0;1
SERPINE2;2,16226404599431;0,289431627645582;7,47072482569899;7,47072482569899;4,11151187116706e-09;1,12965014409169e-07;5270;0;1
SERPINF1;2,17237174592008;0,184543883655303;11,771572716968;11,771572716968;1,37352064306424e-14;9,63136562232176e-12;5176;0;1
SFN;1,56551289880951;0,371497857405534;4,21405633330631;4,21405633330631;0,000138275843954825;0,000638634825688262;2810;1;1
SGCG;-2,43421292621694;0,296469229242649;-8,21067647538094;8,21067647538094;4,02151215217701e-10;1,74352010726642e-08;6445;0;1
SH3GL3;-2,5070653956553;0,303473626750704;-8,26122988840407;8,26122988840407;3,43778160893348e-10;1,5401261608022e-08;6457;0;1
SLC14A1;-3,08438681301775;0,448853040071105;-6,8717075248708;6,8717075248708;2,79221568562372e-08;5,31674788403062e-07;6563;0;1
SLC1A1;-1,51163977731122;0,156027236926616;-9,68830703591955;9,68830703591955;4,64004195784456e-12;5,93925370604103e-10;6505;0;1
SLC27A2;1,88842567610589;0,374106051415004;5,04783514985437;5,04783514985437;1,01021193064412e-05;6,9835825192578e-05;11001;0;1
SLC2A1;1,61977854886497;0,225450019099158;7,18464587112126;7,18464587112126;1,02318680285787e-08;2,32095031736873e-07;6513;0;1
SLC2A5;2,38305055912706;0,293175848793384;8,12839996519124;8,12839996519124;5,19388598410832e-10;2,13998416351593e-08;6518;0;1
SLC39A8;-1,59863238955494;0,22704381636176;-7,04107434050419;7,04107434050419;1,62048970465866e-08;3,43433087473519e-07;64116;0;1
SLC7A5;1,76034765861009;0,316809041177216;5,55649438560496;5,55649438560496;1,96791897866946e-06;1,78406954963356e-05;8140;0;1
SNAP25;1,84565144567269;0,334236887859664;5,52198609043902;5,52198609043902;2,20002220209138e-06;1,9532986768201e-05;6616;1;1
SOSTDC1;-3,71646991220232;0,429404073126541;-8,65494797276204;8,65494797276204;1,02326354549994e-10;6,11229424511966e-09;25928;0;1
SPAG4;1,626777809486;0,290125058266338;5,60716064722892;5,60716064722892;1,67060840711769e-06;1,54316691960278e-05;6676;1;1
SPDEF;1,99161026054144;0,341717731181847;5,82823213080972;5,82823213080972;8,16701756224211e-07;8,48149769760726e-06;25803;1;1
SPOCK1;1,84078041955823;0,34396772294414;5,35160800496727;5,35160800496727;3,81148496087188e-06;3,07819877060299e-05;6695;0;1
SPOCK2;-1,77332936073199;0,24586267972162;-7,21268214736722;7,21268214736722;9,35474636665786e-09;2,17257804643024e-07;9806;0;1
SPON1;1,59498798847443;0,148008877519859;10,7762994706883;10,7762994706883;2,06745587972766e-13;6,53802518200937e-11;10418;0;1
SPP1;4,78273384128009;0,553338985909742;8,64340659716361;8,64340659716361;1,06000302155776e-10;6,23443116231282e-09;6696;1;1
SPTBN2;1,86335382220789;0,222840138184031;8,36184108209919;8,36184108209919;2,51813715838913e-10;1,18750047048245e-08;6712;0;1
STEAP1;2,75889149916886;0,248067713771688;11,1215258818729;11,1215258818729;7,95549694735678e-14;2,91605124470387e-11;26872;0;1
STXBP6;-2,22933044096672;0,255728482813076;-8,71756800980295;8,71756800980295;8,45248713289602e-11;5,22305411798265e-09;29091;0;1
SULF1;2,30020359888396;0,2747177114703;8,37297160992343;8,37297160992343;2,4330545894377e-10;1,15412660054268e-08;23213;0;1
SULT1A2;-1,63329900462081;0,193065286644021;-8,45982741388583;8,45982741388583;1,86153188138962e-10;9,4709104678397e-09;6799;0;1
TAL1;-1,58328292848649;0,200763158502617;-7,88632207370785;7,88632207370785;1,1069655904947e-09;3,97620067783933e-08;6886;0;1
TENM3;1,84708464488142;0,301170698199214;6,13301578116886;6,13301578116886;3,04086068363331e-07;3,73803362085656e-06;55714;0;1
TENM4;1,66144535244713;0,227427388080963;7,30538817891038;7,30538817891038;6,9583408324344e-09;1,74532069899692e-07;26011;0;1
THBS2;2,74852586294554;0,263079305860716;10,4475183023355;10,4475183023355;5,20835939976727e-13;1,25373761790219e-10;7058;0;1
THY1;3,00278617958277;0,329595617343033;9,11051610391277;9,11051610391277;2,5746639862768e-11;2,0251171287466e-09;7070;0;1
TIMP1;1,85049315517768;0,270915774707332;6,83051091128508;6,83051091128508;3,18812715966242e-08;5,94743873647718e-07;7076;0;1
TMEM100;-2,20729744466264;0,41608616386067;-5,30490469613832;5,30490469613832;4,4297783692046e-06;3,46476554503064e-05;55273;0;1
TMEM158;2,01144936316986;0,28590435722876;7,03539247413581;7,03539247413581;1,65029400179343e-08;3,49143082505126e-07;25907;0;1
TMEM45A;2,0578749027987;0,254765891752682;8,07751339334082;8,07751339334082;6,08640870970515e-10;2,44792019127493e-08;55076;0;1
TMEM74B;-1,75614775486812;0,211950802397913;-8,28563862462363;8,28563862462363;3,18738626935153e-10;1,45626531875642e-08;55321;0;1
TMPRSS4;4,09251883889179;0,657521810257314;6,22415678848772;6,22415678848772;2,26308278013415e-07;2,92459928509643e-06;56649;0;1
TNC;2,16619224237312;0,227764169466014;9,51068048785588;9,51068048785588;7,82299794772856e-12;8,82302873433331e-10;3371;0;1
TNFAIP6;1,60359995232498;0,340449615644712;4,71024162940597;4,71024162940597;2,95153720715185e-05;0,000175073159532714;7130;0;1
TNFRSF17;1,97316837136736;0,462612407201093;4,26527334903417;4,26527334903417;0,000118155733207859;0,000558340364833387;608;0;1
TNNC1;-2,48341250960935;0,241560695272222;-10,2806978047927;10,2806978047927;8,36819298958473e-13;1,82381373697328e-10;7134;0;1
TNS4;3,54169309499522;0,436955235633817;8,10539113888379;8,10539113888379;5,57978701802894e-10;2,28403058443581e-08;84951;0;1
TP63;1,80202630132107;0,350446229840136;5,14209070573567;5,14209070573567;7,47184848220418e-06;5,41113481459313e-05;8626;0;1
TRIM29;1,83741233903364;0,424425547413505;4,32917469325547;4,32917469325547;9,70323393080052e-05;0,000474079845004395;23650;0;1
TSHZ2;1,79952609537239;0,176507443812954;10,195185293598;10,195185293598;1,06856226593502e-12;2,0763580993976e-10;128553;0;1
TSPAN1;2,03229710117021;0,432928665694057;4,6943001519941;4,6943001519941;3,10367948652485e-05;0,00018242034533044;10103;0;1
TUBB3;3,2132238110788;0,278812936759904;11,5246582472815;11,5246582472815;2,65956251991258e-14;1,34041951003594e-11;10381;0;1
UCHL1;1,58529060537877;0,263398529824283;6,01860081161554;6,01860081161554;4,40643427245155e-07;5,07621228186418e-06;7345;0;1
VCAN;2,17888774176967;0,239951101899912;9,08054901401755;9,08054901401755;2,81713885537838e-11;2,19491862123394e-09;1462;0;1
VIP;-1,82142416728973;0,378106474037144;-4,81722554983494;4,81722554983494;2,1045303843482e-05;0,000130445296075203;7432;0;1
VIPR1;-2,67455759999934;0,386189257653392;-6,92551008863062;6,92551008863062;2,34856631075121e-08;4,64187223772004e-07;7433;0;1
VSIG10;-1,65259575632747;0,147441286467882;-11,2085006575649;11,2085006575649;6,26947312344973e-14;2,52785156337493e-11;54621;0;1
WFDC2;1,91551487607111;0,291576485280355;6,56951082399293;6,56951082399293;7,39968869677157e-08;1,17855319099585e-06;10406;0;1
WNT7A;-1,88640742997922;0,217714803938634;-8,66458043207265;8,66458043207265;9,93589133695982e-11;6,02428780009353e-09;7476;0;1
WWC2;-1,52017334649011;0,154554429126809;-9,83584459584034;9,83584459584034;3,01593530386028e-12;4,34294683755881e-10;80014;0;1
XPNPEP2;2,99294748398;0,256338813730995;11,6757483598283;11,6757483598283;1,77338954063755e-14;1,0605597796183e-11;7512;0;1
ZBED2;-2,57795963859371;0,284651159834379;-9,05655764794237;9,05655764794237;3,02785922351826e-11;2,28946017498143e-09;79413;0;1
ZNF215;1,60144414558093;0,313149531545916;5,11399182899981;5,11399182899981;8,17550000941598e-06;5,84202322338772e-05;7762;0;1
ZNF385D;2,41864296992473;0,288790892816773;8,37506663154809;8,37506663154809;2,41736822203732e-10;1,15117873355893e-08;79750;0;1
