gene;DE_log2_FC;std.error;t.value;abs_t.value;p.value;adj.p.value;gene_id;is_landmark;is_bing
CDH3;3,19420623368313;0,205154709684471;15,5697436271185;15,5697436271185;1,33831529911522e-18;2,15843491441303e-14;1001;1;1
EPB41L5;-1,78101461899412;0,12132848025158;-14,679279055512;14,679279055512;1,00653070194021e-17;8,11666358044582e-14;57669;0;1
ALDH18A1;1,19217402422329;0,0835690173813717;14,2657417973786;14,2657417973786;2,64522118623118e-17;1,42207090971788e-13;5832;0;1
ADIRF;-1,96195170422941;0,141442870573441;-13,87098336081;13,87098336081;6,77375707787592e-17;2,73117885379957e-13;10974;0;1
EFCC1;-2,05632010126881;0,15273638263723;-13,4631976072973;13,4631976072973;1,82332244127743e-16;4,90109072215373e-13;79825;0;1
CA4;-2,33549968366549;0,175573803579296;-13,3020965317909;13,3020965317909;2,7107608555777e-16;6,24559301125102e-13;762;0;1
COL17A1;4,80696594606404;0,368038263000147;13,0610494324122;13,0610494324122;4,93510551571356e-16;8,8437090841587e-13;1308;0;1
DAPK2;-2,11695303970902;0,166446291513409;-12,7185353332939;12,7185353332939;1,17024664381571e-15;1,71579435195088e-12;23604;0;1
IL13RA2;4,37241308298664;0,345558211370194;12,6531882013433;12,6531882013433;1,3820565482759e-15;1,85748400088281e-12;3598;0;1
CRLF1;3,82532338993616;0,305180213216451;12,5346376477659;12,5346376477659;1,87145635765417e-15;2,15579633145343e-12;9244;0;1
MYRF;-2,96676816771711;0,237193955453636;-12,5077730671641;12,5077730671641;2,00501890946189e-15;2,15579633145343e-12;745;0;1
EMP2;-2,06776904529384;0,167337188291742;-12,3569008563047;12,3569008563047;2,95786549186889e-15;2,98152841580384e-12;2013;0;1
CXCL14;3,57017297260967;0,291362393632851;12,2533760383246;12,2533760383246;3,86864605220864e-15;3,67020726647182e-12;9547;0;1
SRPRB;0,993225277884099;0,0826934258345752;12,0109339752232;12,0109339752232;7,29226668988541e-15;6,18998300918273e-12;58477;0;1
SERPINF1;2,17237174592008;0,184543883655303;11,771572716968;11,771572716968;1,37352064306424e-14;9,63136562232176e-12;5176;0;1
TNFRSF21;1,37734093306803;0,117300658654992;11,7419710073334;11,7419710073334;1,4861441913497e-14;9,87925262208476e-12;27242;1;1
XPNPEP2;2,99294748398;0,256338813730995;11,6757483598283;11,6757483598283;1,77338954063755e-14;1,0605597796183e-11;7512;0;1
COMP;5,42803269058437;0,465669701981255;11,6564008083199;11,6564008083199;1,86754612119581e-14;1,07570656580879e-11;1311;0;1
TUBB3;3,2132238110788;0,278812936759904;11,5246582472815;11,5246582472815;2,65956251991258e-14;1,34041951003594e-11;10381;0;1
BACE2;1,43316080974135;0,124721321676855;11,4909046061473;11,4909046061473;2,91275498187246e-14;1,4235427984133e-11;25825;1;1
FHL2;2,15321555542336;0,187789388688066;11,466119414234;11,466119414234;3,11418635147585e-14;1,47722345519419e-11;2274;1;1
GPM6A;-2,90691825412677;0,256742535063547;-11,3223087612159;11,3223087612159;4,59753048621322e-14;2,05969365782352e-11;2823;0;1
KHDRBS2;-2,41555343015549;0,214770730901955;-11,2471258071856;11,2471258071856;5,64198259120379e-14;2,3934237672492e-11;202559;0;1
PTPN21;-1,41020273412442;0,125487642378329;-11,2377817241386;11,2377817241386;5,7876690800297e-14;2,3934237672492e-11;11099;0;1
VSIG10;-1,65259575632747;0,147441286467882;-11,2085006575649;11,2085006575649;6,26947312344973e-14;2,52785156337493e-11;54621;0;1
COL3A1;3,43251230495341;0,308500595156144;11,1264365736996;11,1264365736996;7,84902758008946e-14;2,91605124470387e-11;1281;0;1
ADRB2;-1,47393112948449;0,132472949766051;-11,1262799846117;11,1262799846117;7,8524001348448e-14;2,91605124470387e-11;154;1;1
STEAP1;2,75889149916886;0,248067713771688;11,1215258818729;11,1215258818729;7,95549694735678e-14;2,91605124470387e-11;26872;0;1
EPHB2;2,01047517313584;0,182448178723181;11,0194313103351;11,0194313103351;1,05348455685925e-13;3,69360846370129e-11;2048;1;1
FUT3;1,62840083336058;0,148180568302183;10,9893007701239;10,9893007701239;1,14481138743636e-13;3,92840809714332e-11;2525;0;1
SFXN1;0,655606873559799;0,0599146883419181;10,9423397117317;10,9423397117317;1,30349674243201e-13;4,37974905457157e-11;94081;0;1
NGFR;2,85413407243682;0,261546674055397;10,9125229091321;10,9125229091321;1,41569305287455e-13;4,65965256260423e-11;4804;0;1
CAV1;-1,67409041712168;0,153787856117214;-10,8857126914216;10,8857126914216;1,52494860377366e-13;4,91887421633232e-11;857;0;1
SPON1;1,59498798847443;0,148008877519859;10,7762994706883;10,7762994706883;2,06745587972766e-13;6,53802518200937e-11;10418;0;1
PDIA4;1,10010391960297;0,102300033973261;10,753700432695;10,753700432695;2,20202445533215e-13;6,82966354146093e-11;9601;0;1
COL5A2;2,24979988719959;0,209648316304498;10,7313043427066;10,7313043427066;2,34417775661173e-13;7,13337714313849e-11;1290;0;1
PYCR1;2,03372288325317;0,190394033519249;10,6816523903705;10,6816523903705;2,69354155480157e-13;7,96082441304881e-11;5831;1;1
SPRYD7;-1,16771311290709;0,109348268312394;-10,678844127381;10,678844127381;2,71481487300152e-13;7,96082441304881e-11;57213;0;1
ARAP2;-1,02419120543484;0,0960217541423122;-10,6662413593997;10,6662413593997;2,81240760077542e-13;8,0997338902332e-11;116984;0;1
SEC24D;1,14515188910052;0,107705464672224;10,6322542926259;10,6322542926259;3,09375925313531e-13;8,6027843507873e-11;9871;0;1
MAP4K2;-1,23240310135719;0,116345584144836;-10,5926074497422;10,5926074497422;3,45838075527998e-13;9,27040857060785e-11;5871;0;1
C1S;1,52032298315488;0,143593097020525;10,58771636451;10,58771636451;3,50629292415103e-13;9,27040857060785e-11;716;0;1
PSAT1;2,7216543106067;0,257498687817846;10,5695851643795;10,5695851643795;3,68986676390243e-13;9,59841470455136e-11;29968;0;1
GMDS;1,09852103427319;0,104157128609892;10,5467676474412;10,5467676474412;3,93484676609167e-13;1,00732077211947e-10;2762;0;1
COL1A1;3,49073422870396;0,331810411372899;10,5202673245264;10,5202673245264;4,24021380788633e-13;1,05209489682447e-10;1277;1;1
THBS2;2,74852586294554;0,263079305860716;10,4475183023355;10,4475183023355;5,20835939976727e-13;1,25373761790219e-10;7058;0;1
PPP2R5A;-0,775532072065862;0,0745726126869282;-10,3996902364372;10,3996902364372;5,9646043579409e-13;1,39416143601262e-10;5525;1;1
ACADL;-2,06848620167194;0,199470856796169;-10,3698667308861;10,3698667308861;6,49175903057934e-13;1,48428501242041e-10;33;0;1
COL15A1;2,48888728560024;0,240064636766938;10,3675714970736;10,3675714970736;6,53424081608686e-13;1,48428501242041e-10;1306;0;1
CA2;-1,93782846498236;0,187295801440948;-10,3463529351635;10,3463529351635;6,94059733838706e-13;1,5546938037987e-10;760;0;1
TNNC1;-2,48341250960935;0,241560695272222;-10,2806978047927;10,2806978047927;8,36819298958473e-13;1,82381373697328e-10;7134;0;1
DENND3;-1,16687684790823;0,113738289612779;-10,2593141841753;10,2593141841753;8,89491832261834e-13;1,91276323609585e-10;22898;0;1
CAV2;-1,46396879410514;0,14290350599659;-10,2444568024809;10,2444568024809;9,28060972810054e-13;1,96944307493165e-10;858;0;1
HPCAL1;-1,27386766525303;0,12467291053841;-10,217678080601;10,217678080601;1,00192225383936e-12;2,05599843990378e-10;3241;0;1
MFAP3L;-1,50048608508549;0,146929629291667;-10,2122770765786;10,2122770765786;1,0175285953869e-12;2,05599843990378e-10;9848;0;1
SELENBP1;-1,30181730013844;0,127501419379419;-10,2102181016863;10,2102181016863;1,02354287004471e-12;2,05599843990378e-10;8991;0;1
TSHZ2;1,79952609537239;0,176507443812954;10,195185293598;10,195185293598;1,06856226593502e-12;2,0763580993976e-10;128553;0;1
COL6A3;2,26066538197662;0,222510232501687;10,1598266136344;10,1598266136344;1,18255023671877e-12;2,27049645450003e-10;1293;0;1
RCC1;0,996008510325998;0,0982874951158425;10,1336239076201;10,1336239076201;1,27492884397515e-12;2,41906498772133e-10;1104;0;1
PLLP;-1,81718062465004;0,179584536694734;-10,118803423142;10,118803423142;1,33039128305981e-12;2,4949477457196e-10;51090;0;1
COL14A1;2,64761147683222;0,263247666852233;10,0574926588747;10,0574926588747;1,58714172452456e-12;2,87611480147552e-10;7373;0;1
CFH;1,8300488740723;0,182959942261302;10,0024565566305;10,0024565566305;1,86032276037787e-12;3,11484672561334e-10;3075;0;1
MME;-2,19127956287203;0,219138569843582;-9,99951566917743;9,99951566917743;1,87619797440861e-12;3,11484672561334e-10;4311;0;1
ARRB1;-1,38679635607889;0,138723467316066;-9,99684035376096;9,99684035376096;1,89075907668442e-12;3,11484672561334e-10;408;0;1
NPAS2;1,70221397652243;0,170281252156008;9,9964849622018;9,9964849622018;1,89270200341088e-12;3,11484672561334e-10;4862;0;1
LIMD1;-0,826734126579024;0,0828100249288688;-9,98350293082464;9,98350293082464;1,9650820222998e-12;3,16928428556512e-10;8994;0;1
B3GALNT1;-1,44102514729478;0,144705899599073;-9,95830267658286;9,95830267658286;2,11371058676088e-12;3,34214944541956e-10;8706;0;1
AGTPBP1;-0,755018779747637;0,0759376109992873;-9,94261960327832;9,94261960327832;2,21192125230519e-12;3,45033861767573e-10;23287;0;1
CLIC3;-2,04822802199976;0,20604678377489;-9,94059690947414;9,94059690947414;2,22492073560439e-12;3,45033861767573e-10;9022;0;1
IGF1;2,67744807525105;0,269837719310126;9,9224381309488;9,9224381309488;2,34515475321925e-12;3,5519493824969e-10;3479;0;1
GRIA1;-2,84390096256047;0,286640644255717;-9,92148538440827;9,92148538440827;2,35164229864639e-12;3,5519493824969e-10;2890;0;1
RARRES1;2,00211545005832;0,201940436488524;9,91438606785468;9,91438606785468;2,40056102859723e-12;3,5519493824969e-10;5918;0;1
CAPN5;1,50863238186791;0,152785712798816;9,87417183342553;9,87417183342553;2,69783288045595e-12;3,91987826090032e-10;726;0;1
WWC2;-1,52017334649011;0,154554429126809;-9,83584459584034;9,83584459584034;3,01593530386028e-12;4,34294683755881e-10;80014;0;1
TSPAN13;-1,19108136695303;0,121270611610785;-9,82168186613733;9,82168186613733;3,14289667767857e-12;4,48572014315044e-10;27075;0;1
DIO2;3,71011564775089;0,378660092965515;9,79801071376374;9,79801071376374;3,36733252801532e-12;4,76388938700273e-10;1734;0;1
URB1;1,24743774789908;0,127387988013528;9,7924283706138;9,7924283706138;3,42259103757895e-12;4,79996071774551e-10;9875;0;1
NCS1;1,90952497438004;0,195431694869593;9,77080496412938;9,77080496412938;3,64546865216475e-12;4,98255240865364e-10;23413;0;1
CTNNBIP1;-0,873668789204109;0,0897126454327539;-9,73852442974705;9,73852442974705;4,0059293370839e-12;5,38396902904076e-10;56998;0;1
CALU;1,18799696573453;0,122545705581088;9,69431739856797;9,69431739856797;4,55907054037926e-12;5,89257657919235e-10;813;1;1
HYAL1;-1,46795099547039;0,151433178002034;-9,69372111738072;9,69372111738072;4,56703913937899e-12;5,89257657919235e-10;3373;0;1
SLC1A1;-1,51163977731122;0,156027236926616;-9,68830703591955;9,68830703591955;4,64004195784456e-12;5,93925370604103e-10;6505;0;1
SEMA6A;-1,76241916806076;0,182311860564834;-9,6670571108236;9,6670571108236;4,93820678360274e-12;6,23636944680212e-10;57556;0;1
UNC13B;-1,00995623891139;0,104482431469987;-9,66627809768673;9,66627809768673;4,94949956095406e-12;6,23636944680212e-10;10497;0;1
NEBL;-1,04346069103974;0,10822985038496;-9,6411543333774;9,6411543333774;5,32810258902966e-12;6,66136732991243e-10;10529;0;1
AGER;-3,48833519309962;0,362235019947216;-9,63003299241452;9,63003299241452;5,50495627199458e-12;6,82953344267144e-10;177;0;1
FRY;-1,13691998951715;0,11819721907484;-9,61883873762953;9,61883873762953;5,68898805940089e-12;7,00396942152806e-10;10129;0;1
NOTCH4;-1,50903262498641;0,156976505953896;-9,61311131125329;9,61311131125329;5,78554789871599e-12;7,04896464472357e-10;4855;0;1
SRPK1;0,541289627839123;0,0564161243751517;9,59459079889457;9,59459079889457;6,10932376086707e-12;7,35307265785553e-10;6732;0;1
ALDH1A3;1,94962425621615;0,203423137094602;9,58408312870266;9,58408312870266;6,30113315825932e-12;7,52775374640047e-10;220;0;1
PLEKHA1;-0,899464490182862;0,094151555074111;-9,55336839072762;9,55336839072762;6,89758791548349e-12;8,0031868993466e-10;59338;0;1
P3H2;-1,60086484518574;0,16765071655285;-9,54881003852484;9,54881003852484;6,99086573890831e-12;8,05347733122238e-10;55214;0;1
C1R;1,44885086356884;0,151897681769075;9,53833427011402;9,53833427011402;7,21011219025382e-12;8,24714109251161e-10;715;0;1
TNC;2,16619224237312;0,227764169466014;9,51068048785588;9,51068048785588;7,82299794772856e-12;8,82302873433331e-10;3371;0;1
IGFBP4;1,34396729619601;0,141368040909952;9,50686794232425;9,50686794232425;7,9115448128243e-12;8,86093019036322e-10;3487;0;1
DOCK4;-1,02260352156779;0,107634621127203;-9,50069327934249;9,50069327934249;8,0571144334952e-12;8,96173390230418e-10;9732;0;1
EFR3B;-1,75674794748784;0,185418196025791;-9,4745175238545;9,4745175238545;8,70502093943332e-12;9,543446644911e-10;22979;0;1
ARHGEF26;-1,6913007352103;0,17867560651598;-9,46576182495865;9,46576182495865;8,93334281874174e-12;9,6695941597763e-10;26084;0;1
NCDN;0,883405911662234;0,0934776591191163;9,45044965809993;9,45044965809993;9,34734185332766e-12;1,00502619606979e-09;23154;0;1
COL18A1;1,43440635508268;0,152005187226158;9,43656187830307;9,43656187830307;9,73964540556458e-12;1,03342763882201e-09;80781;0;1
CLDN10;2,59901905150201;0,275551978873146;9,43204640420493;9,43204640420493;9,87076448844169e-12;1,04049470372279e-09;9071;0;1
FUT8;0,950043007115214;0,101135001109601;9,39381022091101;9,39381022091101;1,10553693065797e-11;1,14295510369562e-09;2530;0;1
MPZL1;0,852224159177616;0,0908743847291164;9,37804598862457;9,37804598862457;1,1584841029663e-11;1,18570650282852e-09;9019;1;1
HSD17B6;-2,17528191303423;0,231977034699158;-9,37714337048608;9,37714337048608;1,16159243208647e-11;1,18570650282852e-09;8630;0;1
COL1A2;2,16771916019551;0,231226530063008;9,37487216369513;9,37487216369513;1,16945121498867e-11;1,18622070410927e-09;1278;0;1
GGT5;1,73636940556699;0,185458404335559;9,36258139278117;9,36258139278117;1,21292464076463e-11;1,21296622791888e-09;2687;0;1
PDZD2;-1,4073968615965;0,15037899651159;-9,35899889109862;9,35899889109862;1,225902127671e-11;1,21296622791888e-09;23037;0;1
FAM98A;0,608487740737841;0,065146696822352;9,34027004311702;9,34027004311702;1,29607521094044e-11;1,2494018985215e-09;25940;0;1
LTBP1;1,67281009861285;0,179127911028393;9,33863454896036;9,33863454896036;1,3023932337507e-11;1,2494018985215e-09;4052;0;1
ATP2A2;0,949243165680115;0,101665995155874;9,33687969339933;9,33687969339933;1,30920709852513e-11;1,2494018985215e-09;488;0;1
ANXA3;-1,916323529173;0,205390984163276;-9,33012486881904;9,33012486881904;1,33577429824238e-11;1,26725693423842e-09;306;0;1
RNF128;-1,42977691850712;0,153463223634386;-9,31673976765569;9,31673976765569;1,3900452970265e-11;1,30340991572345e-09;79589;0;1
ST6GAL1;1,38254322079679;0,148536707787434;9,30775457050863;9,30775457050863;1,42772579393502e-11;1,33100356095861e-09;6480;0;1
LAMA3;-1,34480265374789;0,144617906432732;-9,29900512958549;9,29900512958549;1,46541306936696e-11;1,35828632084772e-09;3909;1;1
COL4A3;-2,34061537011144;0,252171043106942;-9,28185624040433;9,28185624040433;1,54223266973503e-11;1,4213216284278e-09;1285;0;1
HIF3A;-2,33663806877862;0,252172394329734;-9,26603435316274;9,26603435316274;1,61672699649928e-11;1,48150982951934e-09;64344;0;1
AATK;-1,74169813446383;0,188055662571941;-9,26160962474367;9,26160962474367;1,63820560232426e-11;1,49271073188054e-09;9625;0;1
TPBG;1,17463601692074;0,126861060164065;9,2592322293509;9,2592322293509;1,64986525908892e-11;1,49488915160596e-09;7162;0;1
GSAP;-1,32049730538991;0,142748566954514;-9,25051181642115;9,25051181642115;1,69335860729737e-11;1,52572556527888e-09;54103;0;1
ROR2;1,98510543505906;0,215060240250784;9,23046227765864;9,23046227765864;1,7978185869375e-11;1,610845453896e-09;4920;0;1
STX11;-1,37348984156404;0,148943903750665;-9,22152439258801;9,22152439258801;1,84646881657127e-11;1,63625544360777e-09;8676;0;1
MGAT2;0,710678270666953;0,077089913792841;9,21882300422225;9,21882300422225;1,86143394922994e-11;1,64050310017379e-09;4247;0;1
HEPH;1,3059344427206;0,1418071770026;9,20922671422094;9,20922671422094;1,91559682842676e-11;1,67906226352537e-09;9843;0;1
CHPF;1,34069935313333;0,145709372059271;9,20118818841639;9,20118818841639;1,96219569808931e-11;1,71061039020456e-09;79586;0;1
LIFR;-1,78326859927505;0,194250300704487;-9,18026171803946;9,18026171803946;2,08896904178555e-11;1,78258691565701e-09;3977;0;1
INPP5K;-0,789966978549694;0,0861036265540578;-9,17460750684799;9,17460750684799;2,12462607833556e-11;1,79518502874718e-09;51763;0;1
COL5A1;2,05151358629495;0,223740796328525;9,16915296610751;9,16915296610751;2,15960862741733e-11;1,81407124703056e-09;1289;0;1
AHCY;0,6586304241769;0,0718967216955992;9,160785201938;9,160785201938;2,21441363905329e-11;1,84093109127069e-09;191;0;1
PDLIM4;2,33360166126094;0,255405322525586;9,13685603019165;9,13685603019165;2,37904821223934e-11;1,94767967345158e-09;8572;0;1
S100A4;-1,19123327004249;0,130494594112762;-9,12860243860468;9,12860243860468;2,43866745808984e-11;1,97642355598356e-09;6275;1;1
SHMT2;0,888453573784805;0,0973577658866864;9,12565695908497;9,12565695908497;2,46030869606528e-11;1,98399293250704e-09;6472;0;1
CILP;2,77284602114964;0,304127277930776;9,11738677311539;9,11738677311539;2,52211840341546e-11;2,00616017692197e-09;8483;0;1
LMO7;-1,35711543526309;0,148855628120017;-9,11699108997676;9,11699108997676;2,52511480602158e-11;2,00616017692197e-09;4008;0;1
WASF1;1,06546437626031;0,116926624246686;9,11224781459907;9,11224781459907;2,56131649779063e-11;2,024946690018e-09;8936;0;1
THY1;3,00278617958277;0,329595617343033;9,11051610391277;9,11051610391277;2,5746639862768e-11;2,0251171287466e-09;7070;0;1
MYO1E;0,971047023093876;0,106603390690179;9,10896939400388;9,10896939400388;2,58664514212425e-11;2,0251171287466e-09;4643;0;1
VCAN;2,17888774176967;0,239951101899912;9,08054901401755;9,08054901401755;2,81713885537838e-11;2,19491862123394e-09;1462;0;1
METTL8;0,558138408088299;0,0615142189965006;9,07332348834748;9,07332348834748;2,87898895660629e-11;2,23232374481472e-09;79828;0;1
FBN1;1,84689991278435;0,203775376629601;9,06341062071218;9,06341062071218;2,96608855665566e-11;2,28266101126532e-09;2200;0;1
NEDD4L;-1,03519275151882;0,114245843488341;-9,06109771621111;9,06109771621111;2,98679230912054e-11;2,28298513561593e-09;23327;0;1
ZBED2;-2,57795963859371;0,284651159834379;-9,05655764794237;9,05655764794237;3,02785922351826e-11;2,28946017498143e-09;79413;0;1
OLFM1;1,08032039415258;0,119336817685323;9,05269987172992;9,05269987172992;3,06320396161366e-11;2,29783039501884e-09;10439;0;1
RAMP2;-1,6218910809068;0,179369009186246;-9,04220349025132;9,04220349025132;3,16150259467066e-11;2,36058860402076e-09;10266;0;1
SLC1A4;1,31818028663434;0,145826834293887;9,03935337427533;9,03935337427533;3,18874165126587e-11;2,36398097548013e-09;6509;1;1
HMGB3;1,63646542571925;0,18138110685986;9,02224853542015;9,02224853542015;3,35728702957144e-11;2,46119660058764e-09;3149;0;1
MMP2;1,97168931414401;0,21866429182126;9,01696979292669;9,01696979292669;3,41110382654323e-11;2,48933405042938e-09;4313;1;1
EIF4G3;0,59745437890085;0,0662778431304273;9,01439079309096;9,01439079309096;3,43771378781402e-11;2,49745261125516e-09;8672;0;1
GPD1L;-0,836564881475834;0,0931527093137821;-8,98057488223869;8,98057488223869;3,80673040426449e-11;2,7046232581488e-09;23171;0;1
NINJ2;-1,00961010629413;0,112857489129613;-8,94588488615609;8,94588488615609;4,22708752375504e-11;2,9385546372035e-09;4815;0;1
GFPT1;0,638788814406504;0,0715140418952001;8,93235506591299;8,93235506591299;4,4035196178445e-11;3,04806714148481e-09;2673;1;1
